date,location,value,activity_2
1995-01-01,AUS,3.201694,Manufacturing
1996-01-01,AUS,0.288334,Manufacturing
1997-01-01,AUS,7.752935,Manufacturing
1998-01-01,AUS,2.050802,Manufacturing
1999-01-01,AUS,-5.107504,Manufacturing
2000-01-01,AUS,6.6508,Manufacturing
2001-01-01,AUS,4.635859,Manufacturing
2002-01-01,AUS,3.819445,Manufacturing
2003-01-01,AUS,1.628411,Manufacturing
2004-01-01,AUS,1.584823,Manufacturing
2005-01-01,AUS,-0.243505,Manufacturing
2006-01-01,AUS,0.449885,Manufacturing
2007-01-01,AUS,2.312039,Manufacturing
2008-01-01,AUS,3.20416,Manufacturing
2009-01-01,AUS,0.681817,Manufacturing
2010-01-01,AUS,0.588397,Manufacturing
2011-01-01,AUS,0.8178,Manufacturing
2012-01-01,AUS,2.134666,Manufacturing
2013-01-01,AUS,-0.498843,Manufacturing
2014-01-01,AUS,-3.484172,Manufacturing
2015-01-01,AUS,3.350485,Manufacturing
2016-01-01,AUS,-1.200464,Manufacturing
2017-01-01,AUS,-2.905147,Manufacturing
1996-01-01,AUT,1.833775,Manufacturing
1997-01-01,AUT,3.270089,Manufacturing
1998-01-01,AUT,2.375149,Manufacturing
1999-01-01,AUT,4.647845,Manufacturing
2000-01-01,AUT,6.741811,Manufacturing
2001-01-01,AUT,3.099422,Manufacturing
2002-01-01,AUT,2.046355,Manufacturing
2003-01-01,AUT,0.465315,Manufacturing
2004-01-01,AUT,3.840236,Manufacturing
2005-01-01,AUT,5.809569,Manufacturing
2006-01-01,AUT,7.839868,Manufacturing
2007-01-01,AUT,5.716343,Manufacturing
2008-01-01,AUT,0.959869,Manufacturing
2009-01-01,AUT,-8.207552,Manufacturing
2010-01-01,AUT,7.538735,Manufacturing
2011-01-01,AUT,5.503889,Manufacturing
2012-01-01,AUT,1.335171,Manufacturing
2013-01-01,AUT,0.943746,Manufacturing
2014-01-01,AUT,2.382407,Manufacturing
2015-01-01,AUT,0.95598,Manufacturing
2016-01-01,AUT,4.290823,Manufacturing
2017-01-01,AUT,2.059611,Manufacturing
1996-01-01,BEL,4.701012,Manufacturing
1997-01-01,BEL,7.396712,Manufacturing
1998-01-01,BEL,3.265434,Manufacturing
1999-01-01,BEL,1.919803,Manufacturing
2000-01-01,BEL,4.235661,Manufacturing
2001-01-01,BEL,0.60538,Manufacturing
2002-01-01,BEL,3.850513,Manufacturing
2003-01-01,BEL,3.559027,Manufacturing
2004-01-01,BEL,6.94046,Manufacturing
2005-01-01,BEL,3.911125,Manufacturing
2006-01-01,BEL,-2.089553,Manufacturing
2007-01-01,BEL,7.056112,Manufacturing
2008-01-01,BEL,-2.153081,Manufacturing
2009-01-01,BEL,1.058786,Manufacturing
2010-01-01,BEL,6.469331,Manufacturing
2011-01-01,BEL,-1.468887,Manufacturing
2012-01-01,BEL,0.343596,Manufacturing
2013-01-01,BEL,3.360931,Manufacturing
2014-01-01,BEL,5.703223,Manufacturing
2015-01-01,BEL,4.787727,Manufacturing
2016-01-01,BEL,-1.917184,Manufacturing
2017-01-01,BEL,0.184613,Manufacturing
1995-01-01,DNK,0.404027,Manufacturing
1996-01-01,DNK,-2.150796,Manufacturing
1997-01-01,DNK,9.086326,Manufacturing
1998-01-01,DNK,2.261305,Manufacturing
1999-01-01,DNK,0.76078,Manufacturing
2000-01-01,DNK,3.40193,Manufacturing
2001-01-01,DNK,0.979682,Manufacturing
2002-01-01,DNK,1.078819,Manufacturing
2003-01-01,DNK,4.043843,Manufacturing
2004-01-01,DNK,5.60059,Manufacturing
2005-01-01,DNK,0.955517,Manufacturing
2006-01-01,DNK,6.83045,Manufacturing
2007-01-01,DNK,0.57692,Manufacturing
2008-01-01,DNK,-0.391309,Manufacturing
2009-01-01,DNK,1.018652,Manufacturing
2010-01-01,DNK,11.514962,Manufacturing
2011-01-01,DNK,3.770821,Manufacturing
2012-01-01,DNK,6.752717,Manufacturing
2013-01-01,DNK,5.043835,Manufacturing
2014-01-01,DNK,1.243964,Manufacturing
2015-01-01,DNK,-1.70039,Manufacturing
2016-01-01,DNK,3.919647,Manufacturing
2017-01-01,DNK,8.640945,Manufacturing
1995-01-01,FIN,2.046037,Manufacturing
1996-01-01,FIN,3.380314,Manufacturing
1997-01-01,FIN,5.485387,Manufacturing
1998-01-01,FIN,6.602006,Manufacturing
1999-01-01,FIN,8.54815,Manufacturing
2000-01-01,FIN,11.985234,Manufacturing
2001-01-01,FIN,3.130264,Manufacturing
2002-01-01,FIN,5.970068,Manufacturing
2003-01-01,FIN,6.294079,Manufacturing
2004-01-01,FIN,6.83271,Manufacturing
2005-01-01,FIN,4.360596,Manufacturing
2006-01-01,FIN,10.156903,Manufacturing
2007-01-01,FIN,8.815321,Manufacturing
2008-01-01,FIN,-2.65292,Manufacturing
2009-01-01,FIN,-11.905913,Manufacturing
2010-01-01,FIN,10.770457,Manufacturing
2011-01-01,FIN,-1.447959,Manufacturing
2012-01-01,FIN,-10.561028,Manufacturing
2013-01-01,FIN,6.10298,Manufacturing
2014-01-01,FIN,2.532522,Manufacturing
2015-01-01,FIN,2.033447,Manufacturing
2016-01-01,FIN,5.811009,Manufacturing
2017-01-01,FIN,6.795085,Manufacturing
1995-01-01,FRA,4.449464,Manufacturing
1996-01-01,FRA,2.004973,Manufacturing
1997-01-01,FRA,5.214235,Manufacturing
1998-01-01,FRA,5.634801,Manufacturing
1999-01-01,FRA,4.924882,Manufacturing
2000-01-01,FRA,5.963928,Manufacturing
2001-01-01,FRA,2.411517,Manufacturing
2002-01-01,FRA,3.095775,Manufacturing
2003-01-01,FRA,3.998306,Manufacturing
2004-01-01,FRA,4.151047,Manufacturing
2005-01-01,FRA,3.847251,Manufacturing
2006-01-01,FRA,5.661785,Manufacturing
2007-01-01,FRA,2.175787,Manufacturing
2008-01-01,FRA,-2.516891,Manufacturing
2009-01-01,FRA,1.361908,Manufacturing
2010-01-01,FRA,5.233529,Manufacturing
2011-01-01,FRA,3.854852,Manufacturing
2012-01-01,FRA,0.785963,Manufacturing
2013-01-01,FRA,1.988658,Manufacturing
2014-01-01,FRA,2.162286,Manufacturing
2015-01-01,FRA,2.014889,Manufacturing
2016-01-01,FRA,1.356846,Manufacturing
2017-01-01,FRA,4.030978,Manufacturing
1995-01-01,DEU,1.486859,Manufacturing
1996-01-01,DEU,0.417788,Manufacturing
1997-01-01,DEU,5.735431,Manufacturing
1998-01-01,DEU,-0.367176,Manufacturing
1999-01-01,DEU,1.667204,Manufacturing
2000-01-01,DEU,7.459112,Manufacturing
2001-01-01,DEU,1.957792,Manufacturing
2002-01-01,DEU,-0.0674,Manufacturing
2003-01-01,DEU,3.50212,Manufacturing
2004-01-01,DEU,3.975758,Manufacturing
2005-01-01,DEU,4.418825,Manufacturing
2006-01-01,DEU,8.731088,Manufacturing
2007-01-01,DEU,2.610912,Manufacturing
2008-01-01,DEU,-4.152882,Manufacturing
2009-01-01,DEU,-11.260251,Manufacturing
2010-01-01,DEU,16.443534,Manufacturing
2011-01-01,DEU,4.679151,Manufacturing
2012-01-01,DEU,-1.589623,Manufacturing
2013-01-01,DEU,-0.579978,Manufacturing
2014-01-01,DEU,3.282131,Manufacturing
2015-01-01,DEU,0.330436,Manufacturing
2016-01-01,DEU,4.048677,Manufacturing
2017-01-01,DEU,3.469051,Manufacturing
1995-01-01,ITA,5.166008,Manufacturing
1996-01-01,ITA,0.450381,Manufacturing
1997-01-01,ITA,1.394844,Manufacturing
1998-01-01,ITA,-1.089517,Manufacturing
1999-01-01,ITA,1.331012,Manufacturing
2000-01-01,ITA,3.806027,Manufacturing
2001-01-01,ITA,0.347412,Manufacturing
2002-01-01,ITA,-0.061091,Manufacturing
2003-01-01,ITA,-1.56719,Manufacturing
2004-01-01,ITA,2.460164,Manufacturing
2005-01-01,ITA,2.495433,Manufacturing
2006-01-01,ITA,2.995287,Manufacturing
2007-01-01,ITA,1.600815,Manufacturing
2008-01-01,ITA,-1.499186,Manufacturing
2009-01-01,ITA,-8.03423,Manufacturing
2010-01-01,ITA,12.061188,Manufacturing
2011-01-01,ITA,1.539853,Manufacturing
2012-01-01,ITA,0.500168,Manufacturing
2013-01-01,ITA,1.654802,Manufacturing
2014-01-01,ITA,1.608303,Manufacturing
2015-01-01,ITA,2.649275,Manufacturing
2016-01-01,ITA,1.295447,Manufacturing
2017-01-01,ITA,2.288195,Manufacturing
1996-01-01,LUX,1.649341,Manufacturing
1997-01-01,LUX,3.884952,Manufacturing
1998-01-01,LUX,3.676516,Manufacturing
1999-01-01,LUX,7.567608,Manufacturing
2000-01-01,LUX,4.517035,Manufacturing
2001-01-01,LUX,-2.783791,Manufacturing
2002-01-01,LUX,6.234854,Manufacturing
2003-01-01,LUX,11.255395,Manufacturing
2004-01-01,LUX,-1.289868,Manufacturing
2005-01-01,LUX,1.322275,Manufacturing
2006-01-01,LUX,-3.863101,Manufacturing
2007-01-01,LUX,17.872347,Manufacturing
2008-01-01,LUX,-19.628027,Manufacturing
2009-01-01,LUX,-8.996324,Manufacturing
2010-01-01,LUX,1.358363,Manufacturing
2011-01-01,LUX,-11.891925,Manufacturing
2012-01-01,LUX,7.773855,Manufacturing
2013-01-01,LUX,14.516782,Manufacturing
2014-01-01,LUX,4.908084,Manufacturing
2015-01-01,LUX,15.258366,Manufacturing
2016-01-01,LUX,4.534541,Manufacturing
2017-01-01,LUX,-15.495056,Manufacturing
1996-01-01,NLD,1.575827,Manufacturing
1997-01-01,NLD,1.957962,Manufacturing
1998-01-01,NLD,3.701278,Manufacturing
1999-01-01,NLD,4.48504,Manufacturing
2000-01-01,NLD,6.777877,Manufacturing
2001-01-01,NLD,2.864665,Manufacturing
2002-01-01,NLD,2.349371,Manufacturing
2003-01-01,NLD,2.351792,Manufacturing
2004-01-01,NLD,6.081814,Manufacturing
2005-01-01,NLD,6.219526,Manufacturing
2006-01-01,NLD,3.417199,Manufacturing
2007-01-01,NLD,5.689278,Manufacturing
2008-01-01,NLD,-0.388782,Manufacturing
2009-01-01,NLD,-5.70009,Manufacturing
2010-01-01,NLD,5.574535,Manufacturing
2011-01-01,NLD,4.955279,Manufacturing
2012-01-01,NLD,0.680308,Manufacturing
2013-01-01,NLD,-0.060705,Manufacturing
2014-01-01,NLD,2.453389,Manufacturing
2015-01-01,NLD,0.950772,Manufacturing
2016-01-01,NLD,1.175926,Manufacturing
2017-01-01,NLD,5.728677,Manufacturing
1995-01-01,NOR,-1.580965,Manufacturing
1996-01-01,NOR,3.444523,Manufacturing
1997-01-01,NOR,0.908636,Manufacturing
1998-01-01,NOR,-3.12372,Manufacturing
1999-01-01,NOR,4.129863,Manufacturing
2000-01-01,NOR,3.33458,Manufacturing
2001-01-01,NOR,3.352038,Manufacturing
2002-01-01,NOR,2.861998,Manufacturing
2003-01-01,NOR,9.214025,Manufacturing
2004-01-01,NOR,5.668433,Manufacturing
2005-01-01,NOR,1.630287,Manufacturing
2006-01-01,NOR,-3.252218,Manufacturing
2007-01-01,NOR,0.555368,Manufacturing
2008-01-01,NOR,1.717641,Manufacturing
2009-01-01,NOR,0.656045,Manufacturing
2010-01-01,NOR,6.217284,Manufacturing
2011-01-01,NOR,2.029253,Manufacturing
2012-01-01,NOR,0.722483,Manufacturing
2013-01-01,NOR,3.370371,Manufacturing
2014-01-01,NOR,2.44683,Manufacturing
2015-01-01,NOR,-0.938779,Manufacturing
2016-01-01,NOR,-0.089584,Manufacturing
2017-01-01,NOR,3.007643,Manufacturing
1996-01-01,POL,-1.8256,Manufacturing
1997-01-01,POL,-0.954699,Manufacturing
1998-01-01,POL,-0.01414,Manufacturing
1999-01-01,POL,8.042975,Manufacturing
2000-01-01,POL,8.112479,Manufacturing
2001-01-01,POL,-1.749289,Manufacturing
2002-01-01,POL,12.957043,Manufacturing
2003-01-01,POL,11.145562,Manufacturing
2004-01-01,POL,9.018636,Manufacturing
2005-01-01,POL,1.332101,Manufacturing
2006-01-01,POL,11.29754,Manufacturing
2007-01-01,POL,8.131548,Manufacturing
2008-01-01,POL,5.102067,Manufacturing
2009-01-01,POL,8.385995,Manufacturing
2010-01-01,POL,15.207637,Manufacturing
2011-01-01,POL,7.36701,Manufacturing
2012-01-01,POL,3.880157,Manufacturing
2013-01-01,POL,-2.202885,Manufacturing
2014-01-01,POL,5.779913,Manufacturing
2015-01-01,POL,4.812714,Manufacturing
2016-01-01,POL,-0.136799,Manufacturing
2017-01-01,POL,-1.247448,Manufacturing
1996-01-01,PRT,9.716665,Manufacturing
1997-01-01,PRT,5.317146,Manufacturing
1998-01-01,PRT,1.210597,Manufacturing
1999-01-01,PRT,0.430736,Manufacturing
2000-01-01,PRT,2.543766,Manufacturing
2001-01-01,PRT,2.39744,Manufacturing
2002-01-01,PRT,2.835774,Manufacturing
2003-01-01,PRT,3.13157,Manufacturing
2004-01-01,PRT,4.797749,Manufacturing
2005-01-01,PRT,3.087465,Manufacturing
2006-01-01,PRT,2.888497,Manufacturing
2007-01-01,PRT,4.295975,Manufacturing
2008-01-01,PRT,1.136932,Manufacturing
2009-01-01,PRT,-2.523645,Manufacturing
2010-01-01,PRT,9.797419,Manufacturing
2011-01-01,PRT,2.895035,Manufacturing
2012-01-01,PRT,0.522033,Manufacturing
2013-01-01,PRT,2.221409,Manufacturing
2014-01-01,PRT,0.760235,Manufacturing
2015-01-01,PRT,0.147178,Manufacturing
2016-01-01,PRT,0.617317,Manufacturing
2017-01-01,PRT,2.868502,Manufacturing
1996-01-01,ESP,-1.748541,Manufacturing
1997-01-01,ESP,0.600479,Manufacturing
1998-01-01,ESP,0.598696,Manufacturing
1999-01-01,ESP,0.79594,Manufacturing
2000-01-01,ESP,1.514011,Manufacturing
2001-01-01,ESP,3.699659,Manufacturing
2002-01-01,ESP,1.503075,Manufacturing
2003-01-01,ESP,2.077133,Manufacturing
2004-01-01,ESP,1.557988,Manufacturing
2005-01-01,ESP,3.099056,Manufacturing
2006-01-01,ESP,5.143015,Manufacturing
2007-01-01,ESP,4.056835,Manufacturing
2008-01-01,ESP,-1.539251,Manufacturing
2009-01-01,ESP,2.211585,Manufacturing
2010-01-01,ESP,3.449576,Manufacturing
2011-01-01,ESP,2.643036,Manufacturing
2012-01-01,ESP,2.822484,Manufacturing
2013-01-01,ESP,4.545618,Manufacturing
2014-01-01,ESP,3.464495,Manufacturing
2015-01-01,ESP,1.958667,Manufacturing
2016-01-01,ESP,-1.233534,Manufacturing
2017-01-01,ESP,2.846275,Manufacturing
1995-01-01,SWE,5.867379,Manufacturing
1996-01-01,SWE,3.387491,Manufacturing
1997-01-01,SWE,9.544883,Manufacturing
1998-01-01,SWE,6.307021,Manufacturing
1999-01-01,SWE,7.734786,Manufacturing
2000-01-01,SWE,7.832616,Manufacturing
2001-01-01,SWE,-1.613948,Manufacturing
2002-01-01,SWE,8.891872,Manufacturing
2003-01-01,SWE,8.176164,Manufacturing
2004-01-01,SWE,6.802261,Manufacturing
2005-01-01,SWE,4.98099,Manufacturing
2006-01-01,SWE,8.452426,Manufacturing
2007-01-01,SWE,3.351166,Manufacturing
2008-01-01,SWE,-4.523679,Manufacturing
2009-01-01,SWE,-12.63643,Manufacturing
2010-01-01,SWE,19.855623,Manufacturing
2011-01-01,SWE,3.888316,Manufacturing
2012-01-01,SWE,-3.204476,Manufacturing
2013-01-01,SWE,-0.983432,Manufacturing
2014-01-01,SWE,0.397775,Manufacturing
2015-01-01,SWE,7.472719,Manufacturing
2016-01-01,SWE,0.550504,Manufacturing
2017-01-01,SWE,0.95776,Manufacturing
1995-01-01,GBR,-1.165502,Manufacturing
1996-01-01,GBR,-1.200694,Manufacturing
1997-01-01,GBR,3.527687,Manufacturing
1998-01-01,GBR,2.30716,Manufacturing
1999-01-01,GBR,9.893585,Manufacturing
2000-01-01,GBR,8.455288,Manufacturing
2001-01-01,GBR,7.172441,Manufacturing
2002-01-01,GBR,10.332687,Manufacturing
2003-01-01,GBR,9.630946,Manufacturing
2004-01-01,GBR,6.436803,Manufacturing
2005-01-01,GBR,5.376134,Manufacturing
2006-01-01,GBR,9.183278,Manufacturing
2007-01-01,GBR,2.427355,Manufacturing
2008-01-01,GBR,4.075529,Manufacturing
2009-01-01,GBR,-1.472081,Manufacturing
2010-01-01,GBR,1.911485,Manufacturing
2011-01-01,GBR,-1.467854,Manufacturing
2012-01-01,GBR,1.388456,Manufacturing
2013-01-01,GBR,2.986474,Manufacturing
2014-01-01,GBR,3.633315,Manufacturing
2015-01-01,GBR,0.856434,Manufacturing
2016-01-01,GBR,-0.752118,Manufacturing
2017-01-01,GBR,0.744631,Manufacturing
1995-01-01,AUS,2.164095,Financial and insurance activities
1996-01-01,AUS,8.482674,Financial and insurance activities
1997-01-01,AUS,6.443399,Financial and insurance activities
1998-01-01,AUS,16.198636,Financial and insurance activities
1999-01-01,AUS,-4.548279,Financial and insurance activities
2000-01-01,AUS,-3.303362,Financial and insurance activities
2001-01-01,AUS,8.969609,Financial and insurance activities
2002-01-01,AUS,3.734573,Financial and insurance activities
2003-01-01,AUS,4.297311,Financial and insurance activities
2004-01-01,AUS,-2.38897,Financial and insurance activities
2005-01-01,AUS,-2.156911,Financial and insurance activities
2006-01-01,AUS,7.921344,Financial and insurance activities
2007-01-01,AUS,6.123363,Financial and insurance activities
2008-01-01,AUS,3.25085,Financial and insurance activities
2009-01-01,AUS,-1.278709,Financial and insurance activities
2010-01-01,AUS,-3.862301,Financial and insurance activities
2011-01-01,AUS,-1.080798,Financial and insurance activities
2012-01-01,AUS,7.758275,Financial and insurance activities
2013-01-01,AUS,4.856868,Financial and insurance activities
2014-01-01,AUS,6.397064,Financial and insurance activities
2015-01-01,AUS,-4.602384,Financial and insurance activities
2016-01-01,AUS,0.37252,Financial and insurance activities
2017-01-01,AUS,-1.606902,Financial and insurance activities
1996-01-01,AUT,1.497206,Financial and insurance activities
1997-01-01,AUT,7.242611,Financial and insurance activities
1998-01-01,AUT,8.727475,Financial and insurance activities
1999-01-01,AUT,6.944065,Financial and insurance activities
2000-01-01,AUT,13.199541,Financial and insurance activities
2001-01-01,AUT,-1.971316,Financial and insurance activities
2002-01-01,AUT,5.621445,Financial and insurance activities
2003-01-01,AUT,-2.152321,Financial and insurance activities
2004-01-01,AUT,10.622624,Financial and insurance activities
2005-01-01,AUT,1.31981,Financial and insurance activities
2006-01-01,AUT,6.736509,Financial and insurance activities
2007-01-01,AUT,5.90142,Financial and insurance activities
2008-01-01,AUT,-2.881097,Financial and insurance activities
2009-01-01,AUT,7.929672,Financial and insurance activities
2010-01-01,AUT,0.58673,Financial and insurance activities
2011-01-01,AUT,1.384902,Financial and insurance activities
2012-01-01,AUT,2.03658,Financial and insurance activities
2013-01-01,AUT,-1.246516,Financial and insurance activities
2014-01-01,AUT,0.1425,Financial and insurance activities
2015-01-01,AUT,6.089935,Financial and insurance activities
2016-01-01,AUT,-2.176745,Financial and insurance activities
2017-01-01,AUT,11.587642,Financial and insurance activities
1996-01-01,BEL,3.991153,Financial and insurance activities
1997-01-01,BEL,6.311929,Financial and insurance activities
1998-01-01,BEL,3.030125,Financial and insurance activities
1999-01-01,BEL,15.041258,Financial and insurance activities
2000-01-01,BEL,-0.510423,Financial and insurance activities
2001-01-01,BEL,-0.60657,Financial and insurance activities
2002-01-01,BEL,6.275205,Financial and insurance activities
2003-01-01,BEL,-7.833073,Financial and insurance activities
2004-01-01,BEL,9.000724,Financial and insurance activities
2005-01-01,BEL,5.478302,Financial and insurance activities
2006-01-01,BEL,9.746563,Financial and insurance activities
2007-01-01,BEL,-3.230722,Financial and insurance activities
2008-01-01,BEL,-1.749329,Financial and insurance activities
2009-01-01,BEL,-4.735672,Financial and insurance activities
2010-01-01,BEL,3.277151,Financial and insurance activities
2011-01-01,BEL,-2.977653,Financial and insurance activities
2012-01-01,BEL,7.602088,Financial and insurance activities
2013-01-01,BEL,-2.195312,Financial and insurance activities
2014-01-01,BEL,-2.799314,Financial and insurance activities
2015-01-01,BEL,-1.677169,Financial and insurance activities
2016-01-01,BEL,0.214382,Financial and insurance activities
2017-01-01,BEL,5.803776,Financial and insurance activities
1995-01-01,DNK,-4.724492,Financial and insurance activities
1996-01-01,DNK,0.213286,Financial and insurance activities
1997-01-01,DNK,5.645704,Financial and insurance activities
1998-01-01,DNK,4.002417,Financial and insurance activities
1999-01-01,DNK,-0.964419,Financial and insurance activities
2000-01-01,DNK,6.629763,Financial and insurance activities
2001-01-01,DNK,-3.495115,Financial and insurance activities
2002-01-01,DNK,8.543043,Financial and insurance activities
2003-01-01,DNK,5.040332,Financial and insurance activities
2004-01-01,DNK,9.649506,Financial and insurance activities
2005-01-01,DNK,14.453686,Financial and insurance activities
2006-01-01,DNK,6.293707,Financial and insurance activities
2007-01-01,DNK,7.339061,Financial and insurance activities
2008-01-01,DNK,7.537939,Financial and insurance activities
2009-01-01,DNK,-10.257336,Financial and insurance activities
2010-01-01,DNK,3.918032,Financial and insurance activities
2011-01-01,DNK,-4.924589,Financial and insurance activities
2012-01-01,DNK,2.685098,Financial and insurance activities
2013-01-01,DNK,1.500556,Financial and insurance activities
2014-01-01,DNK,1.476942,Financial and insurance activities
2015-01-01,DNK,-6.095859,Financial and insurance activities
2016-01-01,DNK,3.088855,Financial and insurance activities
2017-01-01,DNK,-0.743221,Financial and insurance activities
1995-01-01,FIN,19.936688,Financial and insurance activities
1996-01-01,FIN,6.522343,Financial and insurance activities
1997-01-01,FIN,5.426834,Financial and insurance activities
1998-01-01,FIN,7.528912,Financial and insurance activities
1999-01-01,FIN,14.154704,Financial and insurance activities
2000-01-01,FIN,-3.29749,Financial and insurance activities
2001-01-01,FIN,0.728334,Financial and insurance activities
2002-01-01,FIN,-10.62218,Financial and insurance activities
2003-01-01,FIN,-5.363654,Financial and insurance activities
2004-01-01,FIN,7.769314,Financial and insurance activities
2005-01-01,FIN,6.681734,Financial and insurance activities
2006-01-01,FIN,0.861237,Financial and insurance activities
2007-01-01,FIN,4.725343,Financial and insurance activities
2008-01-01,FIN,-1.235429,Financial and insurance activities
2009-01-01,FIN,-2.46276,Financial and insurance activities
2010-01-01,FIN,3.280732,Financial and insurance activities
2011-01-01,FIN,-3.178282,Financial and insurance activities
2012-01-01,FIN,-1.321,Financial and insurance activities
2013-01-01,FIN,-4.611186,Financial and insurance activities
2014-01-01,FIN,12.918173,Financial and insurance activities
2015-01-01,FIN,-2.12393,Financial and insurance activities
2016-01-01,FIN,3.792784,Financial and insurance activities
2017-01-01,FIN,10.900164,Financial and insurance activities
1995-01-01,FRA,-4.516015,Financial and insurance activities
1996-01-01,FRA,2.098937,Financial and insurance activities
1997-01-01,FRA,-2.155688,Financial and insurance activities
1998-01-01,FRA,4.818146,Financial and insurance activities
1999-01-01,FRA,5.772764,Financial and insurance activities
2000-01-01,FRA,10.272231,Financial and insurance activities
2001-01-01,FRA,-3.166481,Financial and insurance activities
2002-01-01,FRA,2.835956,Financial and insurance activities
2003-01-01,FRA,-0.535861,Financial and insurance activities
2004-01-01,FRA,3.623315,Financial and insurance activities
2005-01-01,FRA,-0.296307,Financial and insurance activities
2006-01-01,FRA,-1.585993,Financial and insurance activities
2007-01-01,FRA,4.005993,Financial and insurance activities
2008-01-01,FRA,0.802613,Financial and insurance activities
2009-01-01,FRA,6.646071,Financial and insurance activities
2010-01-01,FRA,-0.422238,Financial and insurance activities
2011-01-01,FRA,4.426537,Financial and insurance activities
2012-01-01,FRA,1.018841,Financial and insurance activities
2013-01-01,FRA,0.90592,Financial and insurance activities
2014-01-01,FRA,1.77116,Financial and insurance activities
2015-01-01,FRA,-0.755225,Financial and insurance activities
2016-01-01,FRA,0.018006,Financial and insurance activities
2017-01-01,FRA,2.064913,Financial and insurance activities
1995-01-01,DEU,-2.134919,Financial and insurance activities
1996-01-01,DEU,1.856589,Financial and insurance activities
1997-01-01,DEU,1.691881,Financial and insurance activities
1998-01-01,DEU,1.110449,Financial and insurance activities
1999-01-01,DEU,6.896755,Financial and insurance activities
2000-01-01,DEU,-8.462791,Financial and insurance activities
2001-01-01,DEU,6.420427,Financial and insurance activities
2002-01-01,DEU,-5.606889,Financial and insurance activities
2003-01-01,DEU,-14.016077,Financial and insurance activities
2004-01-01,DEU,-6.8422790000000004,Financial and insurance activities
2005-01-01,DEU,-0.969774,Financial and insurance activities
2006-01-01,DEU,-3.33707,Financial and insurance activities
2007-01-01,DEU,4.408385,Financial and insurance activities
2008-01-01,DEU,0.096313,Financial and insurance activities
2009-01-01,DEU,-2.463986,Financial and insurance activities
2010-01-01,DEU,3.843697,Financial and insurance activities
2011-01-01,DEU,3.344991,Financial and insurance activities
2012-01-01,DEU,-0.476953,Financial and insurance activities
2013-01-01,DEU,6.844778,Financial and insurance activities
2014-01-01,DEU,-4.527314,Financial and insurance activities
2015-01-01,DEU,-0.57808,Financial and insurance activities
2016-01-01,DEU,-1.679169,Financial and insurance activities
2017-01-01,DEU,8.241815,Financial and insurance activities
1995-01-01,ITA,-3.616327,Financial and insurance activities
1996-01-01,ITA,5.915847,Financial and insurance activities
1997-01-01,ITA,3.369454,Financial and insurance activities
1998-01-01,ITA,-2.267369,Financial and insurance activities
1999-01-01,ITA,-3.681374,Financial and insurance activities
2000-01-01,ITA,8.408606,Financial and insurance activities
2001-01-01,ITA,-2.169985,Financial and insurance activities
2002-01-01,ITA,-4.784694,Financial and insurance activities
2003-01-01,ITA,0.351185,Financial and insurance activities
2004-01-01,ITA,4.352405,Financial and insurance activities
2005-01-01,ITA,4.676171,Financial and insurance activities
2006-01-01,ITA,3.561484,Financial and insurance activities
2007-01-01,ITA,2.92537,Financial and insurance activities
2008-01-01,ITA,-2.280036,Financial and insurance activities
2009-01-01,ITA,1.05269,Financial and insurance activities
2010-01-01,ITA,6.184169,Financial and insurance activities
2011-01-01,ITA,3.723942,Financial and insurance activities
2012-01-01,ITA,3.195749,Financial and insurance activities
2013-01-01,ITA,-0.107619,Financial and insurance activities
2014-01-01,ITA,0.597065,Financial and insurance activities
2015-01-01,ITA,-1.734129,Financial and insurance activities
2016-01-01,ITA,-0.210127,Financial and insurance activities
2017-01-01,ITA,1.236694,Financial and insurance activities
1996-01-01,LUX,0.440606,Financial and insurance activities
1997-01-01,LUX,1.97324,Financial and insurance activities
1998-01-01,LUX,-4.689158,Financial and insurance activities
1999-01-01,LUX,1.599014,Financial and insurance activities
2000-01-01,LUX,-3.413849,Financial and insurance activities
2001-01-01,LUX,-6.782025,Financial and insurance activities
2002-01-01,LUX,3.504061,Financial and insurance activities
2003-01-01,LUX,4.529609,Financial and insurance activities
2004-01-01,LUX,7.770169,Financial and insurance activities
2005-01-01,LUX,6.045957,Financial and insurance activities
2006-01-01,LUX,7.310043,Financial and insurance activities
2007-01-01,LUX,-2.036091,Financial and insurance activities
2008-01-01,LUX,-10.990284,Financial and insurance activities
2009-01-01,LUX,-2.099115,Financial and insurance activities
2010-01-01,LUX,0.34045,Financial and insurance activities
2011-01-01,LUX,-7.709296,Financial and insurance activities
2012-01-01,LUX,-1.116218,Financial and insurance activities
2013-01-01,LUX,2.600695,Financial and insurance activities
2014-01-01,LUX,1.846331,Financial and insurance activities
2015-01-01,LUX,1.352168,Financial and insurance activities
2016-01-01,LUX,-1.523052,Financial and insurance activities
2017-01-01,LUX,-2.037192,Financial and insurance activities
1996-01-01,NLD,5.843652,Financial and insurance activities
1997-01-01,NLD,1.2799179999999999,Financial and insurance activities
1998-01-01,NLD,3.781712,Financial and insurance activities
1999-01-01,NLD,2.492083,Financial and insurance activities
2000-01-01,NLD,2.543028,Financial and insurance activities
2001-01-01,NLD,-0.18492,Financial and insurance activities
2002-01-01,NLD,3.109554,Financial and insurance activities
2003-01-01,NLD,2.493996,Financial and insurance activities
2004-01-01,NLD,4.860694,Financial and insurance activities
2005-01-01,NLD,2.298598,Financial and insurance activities
2006-01-01,NLD,1.934375,Financial and insurance activities
2007-01-01,NLD,5.683199,Financial and insurance activities
2008-01-01,NLD,7.157879,Financial and insurance activities
2009-01-01,NLD,1.603743,Financial and insurance activities
2010-01-01,NLD,5.15156,Financial and insurance activities
2011-01-01,NLD,0.456576,Financial and insurance activities
2012-01-01,NLD,-0.215375,Financial and insurance activities
2013-01-01,NLD,0.010399,Financial and insurance activities
2014-01-01,NLD,0.319692,Financial and insurance activities
2015-01-01,NLD,3.243572,Financial and insurance activities
2016-01-01,NLD,2.56838,Financial and insurance activities
2017-01-01,NLD,1.963115,Financial and insurance activities
1995-01-01,NOR,0.985305,Financial and insurance activities
1996-01-01,NOR,-11.291511,Financial and insurance activities
1997-01-01,NOR,8.188295,Financial and insurance activities
1998-01-01,NOR,8.845448,Financial and insurance activities
1999-01-01,NOR,2.99953,Financial and insurance activities
2000-01-01,NOR,9.978257,Financial and insurance activities
2001-01-01,NOR,8.202239,Financial and insurance activities
2002-01-01,NOR,2.713258,Financial and insurance activities
2003-01-01,NOR,14.14696,Financial and insurance activities
2004-01-01,NOR,3.971756,Financial and insurance activities
2005-01-01,NOR,12.697336,Financial and insurance activities
2006-01-01,NOR,8.58079,Financial and insurance activities
2007-01-01,NOR,7.259904,Financial and insurance activities
2008-01-01,NOR,-4.029267,Financial and insurance activities
2009-01-01,NOR,-1.975438,Financial and insurance activities
2010-01-01,NOR,-1.33554,Financial and insurance activities
2011-01-01,NOR,0.779922,Financial and insurance activities
2012-01-01,NOR,1.168614,Financial and insurance activities
2013-01-01,NOR,8.209445,Financial and insurance activities
2014-01-01,NOR,4.405335,Financial and insurance activities
2015-01-01,NOR,7.577171,Financial and insurance activities
2016-01-01,NOR,5.7976,Financial and insurance activities
2017-01-01,NOR,3.933897,Financial and insurance activities
1996-01-01,POL,7.390625,Financial and insurance activities
1997-01-01,POL,30.085544,Financial and insurance activities
1998-01-01,POL,-10.451462,Financial and insurance activities
1999-01-01,POL,12.800394,Financial and insurance activities
2000-01-01,POL,5.964149,Financial and insurance activities
2001-01-01,POL,12.193909,Financial and insurance activities
2002-01-01,POL,-4.058387,Financial and insurance activities
2003-01-01,POL,8.32083,Financial and insurance activities
2004-01-01,POL,4.813561,Financial and insurance activities
2005-01-01,POL,-0.316364,Financial and insurance activities
2006-01-01,POL,-10.843612,Financial and insurance activities
2007-01-01,POL,20.708975,Financial and insurance activities
2008-01-01,POL,6.426322,Financial and insurance activities
2009-01-01,POL,-13.923981,Financial and insurance activities
2010-01-01,POL,2.781972,Financial and insurance activities
2011-01-01,POL,2.772319,Financial and insurance activities
2012-01-01,POL,-15.842332,Financial and insurance activities
2013-01-01,POL,17.331823,Financial and insurance activities
2014-01-01,POL,8.906775,Financial and insurance activities
2015-01-01,POL,10.117139,Financial and insurance activities
2016-01-01,POL,10.866758,Financial and insurance activities
2017-01-01,POL,-2.076689,Financial and insurance activities
1996-01-01,PRT,1.685468,Financial and insurance activities
1997-01-01,PRT,14.587104,Financial and insurance activities
1998-01-01,PRT,16.751969,Financial and insurance activities
1999-01-01,PRT,12.035528,Financial and insurance activities
2000-01-01,PRT,0.980007,Financial and insurance activities
2001-01-01,PRT,21.117999,Financial and insurance activities
2002-01-01,PRT,9.404994,Financial and insurance activities
2003-01-01,PRT,10.451911,Financial and insurance activities
2004-01-01,PRT,9.282229,Financial and insurance activities
2005-01-01,PRT,2.549841,Financial and insurance activities
2006-01-01,PRT,9.316641,Financial and insurance activities
2007-01-01,PRT,7.43302,Financial and insurance activities
2008-01-01,PRT,6.312845,Financial and insurance activities
2009-01-01,PRT,-3.692506,Financial and insurance activities
2010-01-01,PRT,-4.327387,Financial and insurance activities
2011-01-01,PRT,-0.585044,Financial and insurance activities
2012-01-01,PRT,-7.03135,Financial and insurance activities
2013-01-01,PRT,-4.447828,Financial and insurance activities
2014-01-01,PRT,-6.777888,Financial and insurance activities
2015-01-01,PRT,-1.465552,Financial and insurance activities
2016-01-01,PRT,-1.197707,Financial and insurance activities
2017-01-01,PRT,2.381201,Financial and insurance activities
1996-01-01,ESP,5.987901,Financial and insurance activities
1997-01-01,ESP,5.224023,Financial and insurance activities
1998-01-01,ESP,7.900034,Financial and insurance activities
1999-01-01,ESP,5.429019,Financial and insurance activities
2000-01-01,ESP,8.096327,Financial and insurance activities
2001-01-01,ESP,10.254472,Financial and insurance activities
2002-01-01,ESP,3.909869,Financial and insurance activities
2003-01-01,ESP,3.46539,Financial and insurance activities
2004-01-01,ESP,8.996904,Financial and insurance activities
2005-01-01,ESP,9.570443,Financial and insurance activities
2006-01-01,ESP,8.483501,Financial and insurance activities
2007-01-01,ESP,5.262158,Financial and insurance activities
2008-01-01,ESP,2.893813,Financial and insurance activities
2009-01-01,ESP,-3.965726,Financial and insurance activities
2010-01-01,ESP,-1.541134,Financial and insurance activities
2011-01-01,ESP,-1.853416,Financial and insurance activities
2012-01-01,ESP,-4.291126,Financial and insurance activities
2013-01-01,ESP,-4.058889,Financial and insurance activities
2014-01-01,ESP,-2.227208,Financial and insurance activities
2015-01-01,ESP,-5.326012,Financial and insurance activities
2016-01-01,ESP,-1.320978,Financial and insurance activities
2017-01-01,ESP,1.24473,Financial and insurance activities
1995-01-01,SWE,-4.248717,Financial and insurance activities
1996-01-01,SWE,0.380171,Financial and insurance activities
1997-01-01,SWE,5.476124,Financial and insurance activities
1998-01-01,SWE,3.194766,Financial and insurance activities
1999-01-01,SWE,2.797261,Financial and insurance activities
2000-01-01,SWE,8.553935,Financial and insurance activities
2001-01-01,SWE,-0.305704,Financial and insurance activities
2002-01-01,SWE,4.694344,Financial and insurance activities
2003-01-01,SWE,10.547268,Financial and insurance activities
2004-01-01,SWE,-2.603179,Financial and insurance activities
2005-01-01,SWE,6.915692,Financial and insurance activities
2006-01-01,SWE,0.62167,Financial and insurance activities
2007-01-01,SWE,2.848977,Financial and insurance activities
2008-01-01,SWE,-5.355489,Financial and insurance activities
2009-01-01,SWE,5.198578,Financial and insurance activities
2010-01-01,SWE,0.771287,Financial and insurance activities
2011-01-01,SWE,6.714522,Financial and insurance activities
2012-01-01,SWE,1.180722,Financial and insurance activities
2013-01-01,SWE,6.167943,Financial and insurance activities
2014-01-01,SWE,2.128295,Financial and insurance activities
2015-01-01,SWE,7.398854,Financial and insurance activities
2016-01-01,SWE,5.223515,Financial and insurance activities
2017-01-01,SWE,8.827151,Financial and insurance activities
1995-01-01,GBR,2.356662,Financial and insurance activities
1996-01-01,GBR,5.184489,Financial and insurance activities
1997-01-01,GBR,5.560007,Financial and insurance activities
1998-01-01,GBR,0.932674,Financial and insurance activities
1999-01-01,GBR,-4.680773,Financial and insurance activities
2000-01-01,GBR,2.019644,Financial and insurance activities
2001-01-01,GBR,-6.788198,Financial and insurance activities
2002-01-01,GBR,12.094957,Financial and insurance activities
2003-01-01,GBR,8.675031,Financial and insurance activities
2004-01-01,GBR,10.673424,Financial and insurance activities
2005-01-01,GBR,3.548779,Financial and insurance activities
2006-01-01,GBR,4.511631,Financial and insurance activities
2007-01-01,GBR,10.33754,Financial and insurance activities
2008-01-01,GBR,-1.599982,Financial and insurance activities
2009-01-01,GBR,-1.399754,Financial and insurance activities
2010-01-01,GBR,-4.926565,Financial and insurance activities
2011-01-01,GBR,-5.468397,Financial and insurance activities
2012-01-01,GBR,-1.043733,Financial and insurance activities
2013-01-01,GBR,-1.99254,Financial and insurance activities
2014-01-01,GBR,-3.290908,Financial and insurance activities
2015-01-01,GBR,2.647591,Financial and insurance activities
2016-01-01,GBR,3.682754,Financial and insurance activities
2017-01-01,GBR,6.386947,Financial and insurance activities
2011-01-01,NZL,-3.65934,Manufacturing
2012-01-01,NZL,4.670893,Manufacturing
2013-01-01,NZL,-0.522778,Manufacturing
2014-01-01,NZL,-1.097114,Manufacturing
2015-01-01,NZL,0.210742,Manufacturing
2016-01-01,NZL,5.636413,Manufacturing
2017-01-01,NZL,-0.293345,Manufacturing
2011-01-01,NZL,-4.357553,Financial and insurance activities
2012-01-01,NZL,-1.786047,Financial and insurance activities
2013-01-01,NZL,1.631535,Financial and insurance activities
2014-01-01,NZL,5.87112,Financial and insurance activities
2015-01-01,NZL,4.699447,Financial and insurance activities
2016-01-01,NZL,-1.730723,Financial and insurance activities
2017-01-01,NZL,5.429343,Financial and insurance activities
1996-01-01,ISR,4.879198,Manufacturing
1997-01-01,ISR,6.927573,Manufacturing
1998-01-01,ISR,6.612832,Manufacturing
1999-01-01,ISR,5.648973,Manufacturing
2000-01-01,ISR,11.58949,Manufacturing
2001-01-01,ISR,1.041564,Manufacturing
2002-01-01,ISR,-3.268647,Manufacturing
2003-01-01,ISR,6.925706,Manufacturing
2004-01-01,ISR,1.712858,Manufacturing
2005-01-01,ISR,6.206356,Manufacturing
2006-01-01,ISR,-1.415773,Manufacturing
2007-01-01,ISR,0.026009,Manufacturing
2008-01-01,ISR,-5.635375,Manufacturing
2009-01-01,ISR,-3.56352,Manufacturing
2010-01-01,ISR,14.938641,Manufacturing
2011-01-01,ISR,-1.050935,Manufacturing
2012-01-01,ISR,-1.291344,Manufacturing
2013-01-01,ISR,-0.724303,Manufacturing
2014-01-01,ISR,3.839063,Manufacturing
2015-01-01,ISR,-3.759976,Manufacturing
2016-01-01,ISR,-5.771713,Manufacturing
2017-01-01,ISR,2.098758,Manufacturing
1996-01-01,ISR,12.850397,Financial and insurance activities
1997-01-01,ISR,-5.048171,Financial and insurance activities
1998-01-01,ISR,8.023748,Financial and insurance activities
1999-01-01,ISR,3.579202,Financial and insurance activities
2000-01-01,ISR,10.482945,Financial and insurance activities
2001-01-01,ISR,2.144694,Financial and insurance activities
2002-01-01,ISR,-4.343852,Financial and insurance activities
2003-01-01,ISR,0.361177,Financial and insurance activities
2004-01-01,ISR,-0.344834,Financial and insurance activities
2005-01-01,ISR,-0.286173,Financial and insurance activities
2006-01-01,ISR,11.563671,Financial and insurance activities
2007-01-01,ISR,-9.379316,Financial and insurance activities
2008-01-01,ISR,-7.119104,Financial and insurance activities
2009-01-01,ISR,-7.819678,Financial and insurance activities
2010-01-01,ISR,-8.878577,Financial and insurance activities
2011-01-01,ISR,-0.337626,Financial and insurance activities
2012-01-01,ISR,4.016688,Financial and insurance activities
2013-01-01,ISR,-5.029007,Financial and insurance activities
2014-01-01,ISR,-5.404059,Financial and insurance activities
2015-01-01,ISR,2.120688,Financial and insurance activities
2016-01-01,ISR,-0.323807,Financial and insurance activities
2017-01-01,ISR,3.486346,Financial and insurance activities
1996-01-01,IRL,2.238744,Manufacturing
1997-01-01,IRL,13.496301,Manufacturing
1998-01-01,IRL,10.530082,Manufacturing
1999-01-01,IRL,11.759196,Manufacturing
2000-01-01,IRL,12.528523,Manufacturing
2001-01-01,IRL,5.141132,Manufacturing
2002-01-01,IRL,17.688429,Manufacturing
2003-01-01,IRL,2.009,Manufacturing
2004-01-01,IRL,2.515831,Manufacturing
2005-01-01,IRL,7.172863,Manufacturing
2006-01-01,IRL,2.919933,Manufacturing
2007-01-01,IRL,5.077176,Manufacturing
2008-01-01,IRL,-5.042038,Manufacturing
2009-01-01,IRL,4.495183,Manufacturing
2010-01-01,IRL,20.093762,Manufacturing
2011-01-01,IRL,3.999683,Manufacturing
2012-01-01,IRL,-0.353398,Manufacturing
2013-01-01,IRL,-7.671551,Manufacturing
2014-01-01,IRL,8.004221,Manufacturing
2015-01-01,IRL,77.281969,Manufacturing
2016-01-01,IRL,-9.847138,Manufacturing
2017-01-01,IRL,0.728117,Manufacturing
1996-01-01,IRL,7.566584,Financial and insurance activities
1997-01-01,IRL,9.441628,Financial and insurance activities
1998-01-01,IRL,0.952073,Financial and insurance activities
1999-01-01,IRL,-3.614893,Financial and insurance activities
2000-01-01,IRL,10.693084,Financial and insurance activities
2001-01-01,IRL,6.44115,Financial and insurance activities
2002-01-01,IRL,5.311221,Financial and insurance activities
2003-01-01,IRL,-4.946912,Financial and insurance activities
2004-01-01,IRL,5.338749,Financial and insurance activities
2005-01-01,IRL,-1.029141,Financial and insurance activities
2006-01-01,IRL,7.821072,Financial and insurance activities
2007-01-01,IRL,-0.065851,Financial and insurance activities
2008-01-01,IRL,-3.678234,Financial and insurance activities
2009-01-01,IRL,-7.020066,Financial and insurance activities
2010-01-01,IRL,19.359079,Financial and insurance activities
2011-01-01,IRL,-0.465427,Financial and insurance activities
2012-01-01,IRL,-11.869817,Financial and insurance activities
2013-01-01,IRL,-10.828073,Financial and insurance activities
2014-01-01,IRL,2.336194,Financial and insurance activities
2015-01-01,IRL,3.674299,Financial and insurance activities
2016-01-01,IRL,-14.635401,Financial and insurance activities
2017-01-01,IRL,-9.448842,Financial and insurance activities
2008-01-01,CAN,-2.924637,Financial and insurance activities
2009-01-01,CAN,3.391779,Financial and insurance activities
2010-01-01,CAN,-1.337554,Financial and insurance activities
2011-01-01,CAN,1.138814,Financial and insurance activities
2012-01-01,CAN,2.256306,Financial and insurance activities
2013-01-01,CAN,3.105157,Financial and insurance activities
2014-01-01,CAN,1.589348,Financial and insurance activities
2015-01-01,CAN,4.938392,Financial and insurance activities
2016-01-01,CAN,1.625625,Financial and insurance activities
2017-01-01,CAN,9.378342,Financial and insurance activities
1998-01-01,CAN,4.593715,Manufacturing
1999-01-01,CAN,5.368921,Manufacturing
2000-01-01,CAN,6.586427,Manufacturing
2001-01-01,CAN,-1.322507,Manufacturing
2002-01-01,CAN,2.21398,Manufacturing
2003-01-01,CAN,-1.548314,Manufacturing
2004-01-01,CAN,2.244046,Manufacturing
2005-01-01,CAN,3.551705,Manufacturing
2006-01-01,CAN,1.553831,Manufacturing
2007-01-01,CAN,-0.475332,Manufacturing
2008-01-01,CAN,1.042285,Manufacturing
2009-01-01,CAN,-2.93355,Manufacturing
2010-01-01,CAN,2.429404,Manufacturing
2011-01-01,CAN,2.427812,Manufacturing
2012-01-01,CAN,1.482816,Manufacturing
2013-01-01,CAN,1.532638,Manufacturing
2014-01-01,CAN,3.417317,Manufacturing
2015-01-01,CAN,-0.131184,Manufacturing
2016-01-01,CAN,0.581671,Manufacturing
2017-01-01,CAN,0.417203,Manufacturing
1996-01-01,CHE,7.855536,Financial and insurance activities
1997-01-01,CHE,12.242929,Financial and insurance activities
1998-01-01,CHE,7.369494,Financial and insurance activities
1999-01-01,CHE,3.911544,Financial and insurance activities
2000-01-01,CHE,12.477575,Financial and insurance activities
2001-01-01,CHE,-10.6376,Financial and insurance activities
2002-01-01,CHE,-6.297182,Financial and insurance activities
2003-01-01,CHE,4.611417,Financial and insurance activities
2004-01-01,CHE,5.732873,Financial and insurance activities
2005-01-01,CHE,8.335581,Financial and insurance activities
2006-01-01,CHE,4.353671,Financial and insurance activities
2007-01-01,CHE,4.880625,Financial and insurance activities
2008-01-01,CHE,-5.68957,Financial and insurance activities
2009-01-01,CHE,-6.705571,Financial and insurance activities
2010-01-01,CHE,14.297766,Financial and insurance activities
2011-01-01,CHE,-1.92625,Financial and insurance activities
2012-01-01,CHE,4.484861,Financial and insurance activities
2013-01-01,CHE,10.189835,Financial and insurance activities
2014-01-01,CHE,0.711342,Financial and insurance activities
2015-01-01,CHE,0.649075,Financial and insurance activities
2016-01-01,CHE,0.446557,Financial and insurance activities
2017-01-01,CHE,1.460944,Financial and insurance activities
